{
  "project_info": {
    "project_number": "1072298455268",
    "project_id": "ese3-abed8",
    "storage_bucket": "ese3-abed8.appspot.com"
  },
  "client": [
    {
      "client_info": {
        "mobilesdk_app_id": "1:1072298455268:android:19e3cc2277847d075e7cf1",
        "android_client_info": {
          "package_name": "com.example.ese"
        }
      },
      "oauth_client": [],
      "api_key": [
        {
          "current_key": "AIzaSyCiPj-dEyascObCpIpULjwnvSnkVrUrUYQ"
        }
      ],
      "services": {
        "appinvite_service": {
          "other_platform_oauth_client": []
        }
      }
    }
  ],
  "configuration_version": "1"
}